store_name,build_area,date_of_opening,pincode
Northern Slender Lady's Tresses,86478.001,11/20/1999,2008
Trumpetweed,71259.969,11/04/98,2234
Asian Ticktrefoil,37042.799,09/15/2005,2083
Coffeetree,31163.334,11/17/2012,2207
Whortleberry,79368.729,01/09/13,2027
Small Wirelettuce,21571.271,10/02/10,2237
Cracked Lichen,81946.769,07/26/2008,2207
Oblong Salvinia,34994.618,05/28/1996,2189
Rusby's Globemallow,63133.128,07/13/2015,2070
Fringed Lichen,44942.061,04/13/2017,2207
Montezuma Xanthoparmelia Lichen,75055.062,04/02/17,2248
White Box,92815.417,05/01/07,2063
Gomphillus Lichen,71033.552,01/21/1999,2184
Early Water Grass,40172.75,03/09/11,2121
Cusick's Monkeyflower,9914.554,05/26/1996,2152
Oneseed Hawthorn,93862.269,08/03/11,2028
Bryum Moss,89630.417,07/27/2008,2024
Cycad,70281.609,07/05/99,2052
Lemmon's Rockdaisy,85044.25,05/30/2016,2153
Acadian Quillwort,36015.27,04/18/2010,2155
Ashland's Lupine,29409.47,11/05/02,2110
James' Sedge,93290.885,04/28/2001,2177
Germander Meadowsweet,86117.17,08/08/06,2125
Bog Rosemary,5356.679,11/15/2017,2032
Gasplant,57648.6,10/16/2004,2184
White Mountain Sedge,41463.639,06/05/02,2095
Amphilophium,13694.556,06/29/2008,2121
Wild Bushbean,24321.366,03/06/06,2167
White Prairie Clover,63510.159,03/01/18,2117
Mapleleaf Viburnum,1055.965,06/08/09,2024
Ropalospora Lichen,80539.57,09/24/2003,2141
Weinmannia,55305.536,07/20/1995,2225
Chinese Houses,62696.656,07/12/17,2117
Amazonian Coca,70248.717,07/18/1994,2073
Manystem Centaury,41921.304,02/08/97,2234
Eastwood's Sandwort,56140.674,01/14/2017,2201
Black Cottonwood,80807.959,02/21/2008,2028
Albizia,23637.955,11/19/2005,2080
Shiny Goldenrod,95204.858,12/18/2007,2091
Hoffmann's Buckwheat,75211.882,12/29/2013,2229
Chilean Needlegrass,31973.639,05/10/96,2098
Spatulaleaf Loosestrife,47606.123,07/07/94,2071
Racomitrium Moss,97228.593,07/18/2004,2190
Summer Fimbry,99740.992,10/06/97,2171
Claspbract Sedge,90574.997,04/05/08,2098
Dracontomelon,63976.704,04/03/10,2055
Catolechia Lichen,5285.932,08/11/98,2045
Spanish Gold,68397.879,06/18/2004,2027
Nadvornik's Horsehair Lichen,60222.157,05/31/2003,2173
Smallflower Horkelia,34114.348,04/02/98,2233
Serviceberry,81911.328,05/25/2009,2024
Island Sagebrush,16878.892,11/27/2012,2232
King's Bird's-beak,36700.807,12/18/2000,2167
American Beech,52681.948,11/10/18,2070
Fraser's Yellow Loosestrife,85321.613,04/19/2016,2202
High-plains Beeblossom,18199.619,09/21/2017,2083
Felt Lichen,64987.911,06/27/2002,2004
Dalby Myall,52139.921,08/31/2007,2183
Paleyellow Touch-me-not,69578.42,12/28/1996,2150
Pondweed,89652.963,04/06/08,2162
Indian Cucumber,28878.302,02/13/2009,2049
Soot Lichen,12355.802,06/11/11,2226
Bluestar,14636.61,12/01/96,2035
Hupeh Cotoneaster,77863,02/04/14,2109
Porterweed,58121.316,03/25/2003,2194
Yellowwood,5945.869,07/07/14,2032
Canary Islands Juniper,19705.375,06/28/1994,2118
Goldfields,74350.936,03/28/2015,2139
Peonyleaf Woodsorrel,39810.008,07/22/2015,2186
Late Purple Aster,52497.232,02/22/2002,2099
Cypress Panicgrass,10537.954,08/13/2000,2161
Sickletop Lousewort,44748.893,03/21/2000,2089
Twining Soldierbush,20092.542,09/16/2015,2181
Tree Phaeographis,3130.999,10/23/2015,2237
Carolina False Vervain,77814.602,04/15/1998,2201
Summer Lupine,8181.829,12/11/08,2206
Loomis' Mountainmint,79726.677,04/24/2013,2170
Glossy Red Bryum Moss,69053.837,09/20/2002,2070
Martagon Lily,33564.169,08/27/2016,2116
Balsam Of Peru,69054.259,06/20/2002,2085
Wassuk Range Beardtongue,80883.078,01/16/2011,2249
Colorado Four O'clock,19303.106,10/30/2006,2089
Warnstorfia Moss,54556.665,01/04/98,2211
Kellogg's Blackberry,66548.429,04/19/2013,2162
Muscadine,55246.2,06/25/2007,2005
Queen-devil Hawkweed,56984.378,07/18/2013,2233
Tomasellia Lichen,31796.635,04/10/03,2193
Hairyfruit Valerian,55711.555,10/20/2010,2103
Bolander's Yampah,54684.527,12/12/09,2184
White Bergamot,79563.292,05/31/2000,2104
Oblong Bryum Moss,82851.487,06/22/2003,2047
Callicladium Moss,16219.61,11/18/2005,2104
Sherard's Downy Rose,50697.316,01/09/02,2115
Perennial Fringed Gentian,50927.97,05/07/98,2199
Eyebright Ayenia,82795.4,12/05/10,2230
Bentham Cypress,37068.37,02/01/12,2022
Parry's Clover,18100.706,10/09/94,2217
Forked Fimbry,97790.829,01/05/15,2007
Ribbed Fringepod,86823.737,04/20/2004,2221
Timber Oatgrass,43090.338,12/02/05,2173
Molokai Twinsorus Fern,62305.559,01/15/2014,2125
Watson's Buckwheat,58635.698,08/07/12,2052
Siskiyou Bedstraw,7720.342,09/03/02,2117
Braun's Spikemoss,82306.724,08/15/1997,2050
Drooping Star Of Bethlehem,3907.37,10/22/2009,2176
Stinking Brickellbush,78180.519,07/10/16,2232
Threestamen Waterwort,70247.192,12/20/2014,2212
Canby's Licorice-root,71744.233,09/21/2008,2195
Washington Twinpod,34156.084,01/04/08,2155
Smallflower Nemophila,47664.018,12/16/2000,2060
Summer Grape,50910.118,11/25/2010,2167
Parry's Thistle,59065.06,08/08/94,2216
Oregon Western Rosinweed,13827.405,12/08/06,2106
Field Clover,31382.515,05/08/98,2201
Navajo Cinquefoil,16383.646,01/19/1998,2241
Carolina Springbeauty,52409.626,04/19/2005,2201
Macoun's Poppy,23299.38,08/18/1997,2221
Hairy White Oldfield Aster,6211.641,12/10/17,2219
Shining Milkwort,91153.091,04/10/07,2226
Arborvitae,45748.78,06/14/2008,2155
Scaly Blazing Star,38878.803,08/20/2011,2189
Pseudocyphellaria Lichen,97293.828,08/07/14,2187
California Live Oak,72995.207,04/18/2011,2031
Tallul Campylopus Moss,77564.963,10/03/09,2067
Hairy Cyrtandra,27228.757,05/05/17,2202
California Croton,55575.782,01/12/05,2005
Lapland Amphidium Moss,67298.525,09/23/1999,2088
Oriental Lespedeza,67477.849,08/27/2017,2107
Italian Plumeless Thistle,37334.583,03/02/18,2168
Pennsylvania Pogonatum Moss,2190.079,09/23/2013,2226
Sharpscale Spikerush,69173.526,09/01/98,2007
Texan Horsenettle,54899.683,03/24/2012,2188
Denseflower Cordgrass,99140.529,06/03/14,2213
Coastal Dune Sandmat,7518.403,07/14/2015,2159
Cottonseed,72674.729,04/18/2003,2176
Violet Suksdorfia,78618.29,12/14/2000,2078
European Plum,96621.248,08/23/2003,2018
Peltula Lichen,41824.579,10/06/05,2230
Prostrate Pincushionplant,92910.851,02/18/2011,2128
Stone Bramble,17682.225,07/27/2002,2171
Texasplume,94576.941,06/11/04,2117
Low Silverbush,59690.713,08/12/12,2108
Ropalospora Lichen,60063.679,04/02/05,2152
Thickleaf Ragwort,4883.574,08/17/2003,2175
Downy Desert-thorn,65226.604,05/06/18,2147
Dahurian Buckthorn,42840.373,03/27/2000,2063
False Venus' Looking Glass,9332.959,09/18/2006,2165
Cucubano De Monte,94872.082,04/06/18,2105
Good King Henry,74268.311,08/04/10,2045
Wahiawa Dubautia,50394.27,02/10/15,2038
Orange Lichen,64814.298,11/05/09,2186
Terlingua Creek Cryptantha,18576.729,10/14/2005,2223
Asystasia,3487.508,06/20/1995,2053
Northern Blueberry,6216.629,08/30/2004,2188
Gray Honeymyrtle,81691.449,09/29/2009,2145
Tennessee Gladecress,28593.164,04/02/04,2238
Savannah Panicgrass,40239.545,02/26/1996,2000
Ehrenberg's Adder's-mouth Orchid,16589.476,07/15/2002,2072
Cicendia,28108.618,05/26/2004,2238
Shaggy Fleabane,82443.264,09/29/2005,2217
Woodland Climbing Bamboo,63255.405,05/27/2016,2016
Epling's Hedgenettle,40305.821,04/04/16,2217
Deeproot Clubmoss,21263.608,08/21/1996,2013
Entelea,74409.955,12/03/03,2081
Smooth White Oldfield Aster,26122.038,01/28/2019,2012
Scribble Lichen,51265.513,03/25/1997,2206
Whitestem Frasera,20373.209,05/03/18,2131
Heartleaf Skullcap,25544.535,04/12/04,2199
Hairy Fogfruit,22964.7,10/06/02,2192
Lesser Saltmarsh Sedge,86939.97,02/11/95,2097
Pond's Mojave Lupine,78514.408,09/18/1997,2007
Shakeshake,9553.677,05/22/2012,2118
Eightpetal Mountain-avens,97999.113,05/10/97,2113
Western Dock,26613.112,09/23/2004,2070
Silky Kangaroo Grass,65059.535,01/01/14,2203
Rush Skeletonplant,7933.723,02/12/19,2050
Bigleaf Magnolia,40262.507,07/05/01,2043
Bear Valley Buckwheat,66581.652,04/20/2012,2154
Wright's Fabronia Moss,44444.932,09/11/94,2248
African Sheepbush,7808.13,11/05/15,2069
Grassyslope Arctic Sedge,99600.354,08/19/2004,2172
Maguey,39388.644,07/26/2007,2054
Pacific Hulsea,11634.141,03/14/2015,2114
Buxbaumia Moss,54285.487,03/09/12,2051
King Orchid,40911.426,10/09/15,2001
Garcinia,92468.857,07/10/16,2169
Red Star-thistle,28172.83,03/16/1997,2034
Glacial Kiaeria Moss,48141.136,12/22/2017,2028
Contorted Sphagnum,94138.638,07/10/94,2173
Shield Lichen,69888.174,02/16/2015,2168
Phaeographina Lichen,29757.493,09/03/95,2005
Gray Nicker,29591.623,03/19/2018,2084
Appalachian Bunchflower,44965.27,07/31/2007,2245
Conglomerate Jelly Lichen,28963.798,03/21/2000,2120
Lavaslope False Lobelia,84393.268,01/06/14,2018
Arizona Sandmat,77030.38,04/01/13,2148
Beaked Spikerush,72697.85,03/27/2008,2137
Taique,99850.859,11/23/2006,2232
Desert Christmas Tree,85710.725,12/08/99,2047
Passionflower,62697.636,06/08/02,2144
Privet Stopper,92127.374,10/14/2002,2041
Gland Indian Paintbrush,72171.915,04/14/2011,2080
Coastal Groundcherry,66193.488,02/18/2010,2176
Sweet William Silene,78424.391,12/10/18,2181
Gyroweisia Moss,31331.016,01/26/2015,2111
Tussock Cottongrass,55373.64,06/19/2013,2051
Davis' Fleabane,57778.376,03/07/99,2035
Oiticica,50386.811,12/06/12,2205
Albuquerque Prairie Clover,73697.476,04/30/1999,2007
Colorado Tansyaster,80248.826,08/04/09,2168
Sticky Cinquefoil,75513.432,06/19/2004,2105
African Finger Millet,84961.446,08/28/2001,2035
Reflexed Sedge,81386.205,01/09/97,2131
Torrey's Surfgrass,28827.799,02/17/2000,2250
Running Strawberry Bush,99549.929,08/27/2015,2017
Blanketflower,11546.767,07/16/2004,2111
Snowdrop,44729.69,11/22/2011,2225
Pussy Willow,10039.103,11/25/2008,2113
Protothelenella Lichen,24385.622,08/16/2015,2060
Alaskan Wheatgrass,6907.604,10/03/97,2232
CapulÃ­,94728.84,11/14/1996,2016
Cyrtandra,11606.919,05/26/2014,2152
Tapertip Liveforever,76669.831,12/22/2000,2004
Annual Candyleaf,22240.314,01/05/08,2163
Valley Redstem,22993.637,04/24/2013,2125
Burrweed,89590.331,10/06/11,2248
Blue Pussyleaf,69236.742,12/03/13,2195
Purplestem Aster,41091.452,09/10/18,2006
Spotted St. Johnswort,83821.217,03/24/2017,2081
Dogtooth Noseburn,35390.437,10/10/08,2197
Vasevine,85923.164,04/26/2005,2235
Puerto Rico Prairie Clover,7299.408,02/28/2015,2152
Patagonian Cypress,81255.58,07/03/10,2014
Sandbog Deathcamas,77057.577,06/02/05,2077
Mendocino Sphagnum,75585.611,07/12/13,2204
Broomsedge Bluestem,93817.669,05/07/00,2249
Tolstead's Erigeron,4679.507,01/25/2002,2171
Royal Helleborine,96018.083,04/30/2015,2028
Hybrid Rhododendron,89866.131,02/18/2012,2075
Woodreed,34998.517,05/27/1995,2091
Coast Range False Bindweed,72123.276,11/15/2013,2113
Schistidium Moss,30294.129,12/25/2016,2087
Giant Bellflower,32006.496,09/05/04,2002
Psorotichia Lichen,75468.417,08/19/2016,2156
Sacred Garlic Pear,98312.579,05/10/08,2218
Job's Tears,90482.803,08/19/1996,2129
Rat's Ear,11475.831,05/27/2004,2104
Pentadesma,29337.727,06/23/1998,2074
Florida Lecidea Lichen,89018.829,03/30/2012,2144
Elegant Kihifern,40234.612,04/07/15,2250
Summer Coralroot,6844.613,04/06/07,2146
Ripgut Brome,48864.434,10/10/06,2029
Guadalupe Fescue,67610.25,08/09/15,2029
Annual Honesty,74642.502,10/20/2004,2010
Bryum Moss,46999.264,04/13/2001,2201
Tungoil Tree,67607.349,07/23/1998,2006
Sarsaparilla,45061.873,12/23/2000,2013
Toyon,98645.548,09/04/13,2024
Bolander's Rush,28586.324,04/22/2000,2121
Florida Lobelia,61920.536,02/09/96,2186
Shrubby Dillenia,67587.577,12/21/2000,2060
Navel Lichen,49358.537,02/17/2010,2140
Vente Conmigo,93682.999,03/14/2011,2198
Rhizoma Peanut,70701.408,01/30/2016,2182
Wright's False Mallow,85993.155,05/31/2012,2103
Diphysa,83743.32,03/05/01,2169
Fourpart Phacelia,15508.778,10/01/03,2149
Oak Ridge Lupine,69681.348,11/03/10,2195
Cup Lichen,98834.387,01/09/19,2167
Buzzy Lizzy,31823.47,09/30/2007,2114
Wahiawa Bog Colicwood,39298.534,02/19/2019,2199
Candleholder Liveforever,63693.44,06/14/2015,2198
Yucca,26629.379,08/11/99,2101
Chinese Pear,60724.273,10/10/10,2139
Hawai'i Nutrush,21011.755,11/13/2009,2001
Delicate Spikemoss,23566.514,12/03/17,2238
California Milkweed,72232.575,07/11/04,2189
Pyxine Lichen,7879.182,11/23/1996,2101
Prairie Bluebells,55209.033,02/06/11,2233
Nevada Cinquefoil,84797.775,12/26/2004,2201
Leathery Knotweed,77032.676,07/08/13,2188
Rim Lichen,76814.139,06/06/98,2054
Sedge,97130.184,07/13/2010,2191
Canada Goldenrod,92989.266,08/06/96,2241
Cream Garland-lily,95815.854,05/05/01,2122
Rim Lichen,67641.88,12/06/98,2052
Acuminate Pleuridium Moss,26992.772,04/28/2000,2159
Knieskern's Hawthorn,83216.046,07/27/2001,2124
Herbaceous Seepweed,9647.628,12/27/2001,2001
Hollyleaf Gilia,74963.712,12/28/2013,2003
Wall Bedstraw,1278.731,02/10/07,2076
Loeskypnum Moss,42772.665,01/29/1999,2176
Pinos Altos Mountain Bean,62933.485,07/09/99,2210
Santesson's Map Lichen,29990.37,02/15/2018,2230
Pygmy Bentspur Orchid,34645.942,07/04/12,2111
Manyflower Broomrape,39138.714,02/26/2016,2090
Bitter Yam,71383.842,02/12/97,2140
Graybark Grape,42440.219,10/19/2003,2000
Woolly Filmy Fern,82593.533,11/25/2016,2156
Pera,74911.63,10/12/07,2099
Woodland Coffee,50550.058,12/10/09,2142
Coral Gum,8575.583,10/13/2009,2073
Sessile Soot Lichen,61881.03,01/18/2007,2168
Toad Rush,19528.73,05/20/1995,2234
Taperfruit Shortscale Sedge,31189.751,08/15/1996,2245
Southern Mule-ears,96632.027,01/24/2017,2088
Koholapehu,99600.861,08/10/03,2218
Roughleaf Aster,15268.536,02/19/2003,2066
Red Spruce,32279.747,04/18/2004,2152
Agate Desertparsley,91835.272,01/14/2005,2091
Blackjack Oak,2849.955,08/28/2004,2154
Curly-mesquite,29399.815,06/10/98,2165
Bajada Lupine,83891.447,06/23/2010,2128
Slender Rosinweed,52638.106,10/15/2000,2097
Skin Lichen,73905.863,11/18/2000,2035
Navajo Pincushion Cactus,27938.85,12/23/1997,2155
Curtiss' Yelloweyed Grass,86920.891,02/17/2017,2148
Big Horseshoe Lake Dewberry,64450.715,03/15/2016,2126
Jointweed,16107.039,03/10/13,2092
Matted Lichen,67092.563,12/22/2001,2103
Slender Little Bluestem,54085.073,07/19/2002,2241
Pacific Yerba Santa,65368.299,04/02/00,2200
Eastern Bluestar,70642.823,12/29/1996,2090
Meyen's Twinsorus Fern,22215.906,07/19/2008,2137
Crested Floatingheart,24115.706,06/27/1998,2242
Odontites,70638.447,07/21/2012,2092
Eschweiler's Pyxine Lichen,56070.158,12/15/2007,2173
Leoncita False Foxglove,5092.983,10/06/97,2168
Manyleaf Mousetail,32495.395,06/21/1999,2034
Canadian Hawkweed,30069.411,05/19/1999,2218
Baker's Crowngrass,61332.724,02/07/02,2011
Blacklancewood,61156.626,03/16/2016,2152
Paper Nailwort,27764.189,05/02/00,2102
Clustered Sawwort,40158.244,07/03/06,2200
Florida Speargrass,82061.662,03/13/2013,2049
Scribner's Grass,56200.866,08/11/17,2040
Lapland Poppy,21690.897,12/27/2017,2101
Tacky Goldenweed,10576.033,08/19/2005,2099
Bigseed Dodder,90377.014,10/05/07,2109
Pendant Kihifern,13742.543,01/28/2003,2090
Lloyd's Hedgehog Cactus,73378.583,12/11/03,2183
Monstera,29837.93,09/09/98,2047
Alachua Bully,93886.754,01/01/01,2001
Sand Croton,14507.63,10/23/2016,2025
Geyer's Milkvetch,59607.128,12/17/1998,2159
Coastal Plain Nailwort,96788.072,09/18/1995,2110
Runyon's Onion,40529.017,09/05/08,2185
Hollyleaved Barberry,89263.894,10/26/2012,2241
Ale,26013.513,11/21/2002,2169
Wavyleaf Soap Plant,59942.146,01/27/2015,2131
Carolina Elephantsfoot,22384.812,08/02/17,2177
Jaegerina Moss,61929.336,12/24/1994,2225
Michaux's Croton,84594.667,09/03/13,2123
Rimrock Milkvetch,58027.499,09/24/1994,2239
Melanorrhoea,42781.658,07/04/04,2199
Mountain-ash,49369.012,09/02/15,2087
Aromatic False Pennyroyal,98403.304,10/29/1996,2000
Tall Buckwheat,9339.998,06/21/2010,2106
Slender Wild Cabbage,16963.202,08/29/2006,2007
Hayfield Tarweed,18947.413,09/04/03,2090
Trumpet Creeper,17829.257,10/21/2007,2003
Dwarf Phlox,83111.661,02/22/2012,2033
Hairy Medick,2338.941,02/17/2013,2171
Wavy Scaly Cloakfern,94931.486,03/05/12,2078
Eared Watermoss,12690.993,07/28/2001,2030
American Cupscale,94445.905,11/22/1999,2237
Dwarf White Milkvetch,73800.687,08/16/2011,2223
Wand Wirelettuce,79578.984,01/25/1996,2011
Weber's Thelenella Lichen,32964.807,05/09/12,2130
Pear-fruit Mallee,68314.962,10/17/1995,2140
Wild Honeytree,89388.925,09/07/98,2172
Sweet Vernalgrass,16702.147,11/28/2000,2104
Yellow Rabbitbrush,40688.937,11/16/2000,2208
Yellow Pond-lily,57879.122,07/23/2017,2101
Bright Green Dudleya,42158.23,06/11/95,2023
Muhly,94277.306,09/08/11,2173
Narrow-leaved Iceplant,48796.322,01/16/2014,2185
Madwoman's Milk,20161.576,01/23/1998,2003
Thurber's Buckwheat,66575.592,01/02/01,2195
Desert Monardella,35845.913,12/29/2013,2082
Taxiphyllum Moss,85476.676,01/19/2001,2134
Flame Orchid,65762.507,10/06/06,2051
Australian Teatree,90552.251,05/24/2007,2238
Hairyflower Spiderwort,74871.126,10/08/95,2247
Round Notothylas,18251.29,03/23/2014,2143
Barren Ground Willow,63565.953,01/16/2001,2022
White Rubber Vine,56883.239,10/25/2013,2083
Palmer's Catchfly,29239.628,01/07/13,2148
Bonneville Shootingstar,43293.049,01/19/2007,2081
Saltmarsh Spikerush,67185.022,09/22/2017,2199
Cursed Buttercup,95989.972,12/01/02,2018
Prairie Pleuridium Moss,17957.771,05/03/09,2065
Ridge Johnnyberry,26400.189,06/02/99,2193
Warnock's Snakewood,49355.466,06/09/00,2152
Horehound-leaf Nettle,76544.006,04/16/2017,2086
Bluebead,96214.839,02/15/2017,2207
Jasmin De Rosa,19629.763,06/09/10,2011
Variable-color Beardtongue,71703.892,09/09/11,2142
Tropical Whitetop,59922.925,11/11/11,2124
Nit Grass,50499.294,01/24/2000,2172
Texas Milkpea,95922.956,07/26/2010,2120
Mealy Lichen,51680.848,11/25/1995,2124
Axilflower,82870.843,12/26/2001,2069
White Sagebrush,10680.587,06/27/2013,2092
Spotted Beebalm,45807.014,08/24/2001,2048
Yellow Bird's-foot,45120.38,05/04/04,2180
Woodfern,7776.463,05/18/2017,2250
Fenugreek,55820.901,05/25/1996,2064
Seaberry,19255.261,05/10/98,2064
Blandow's Helodium Moss,69720.397,04/28/2014,2237
Dotted Lichen,83896.566,06/21/2010,2220
Glandular Bundleflower,64714.712,01/06/97,2247
White Flowered Prairie Parsley,3426.627,02/06/03,2221
Schaffner's Wattle,41969.058,10/09/03,2001
False Boneset,35268.974,02/12/04,2180
Cleveland's Beardtongue,59344.569,01/18/1995,2053
Minthorn's Milkvetch,57064.145,06/13/2004,2068
Catchbirdtree,30795.531,06/20/1997,2165
Kentucky Bluegrass,41155.896,12/25/2011,2233
Trans-pecos Beeblossom,94695.217,11/03/07,2088
Peachleaf Bellflower,58249.681,08/17/2015,2022
Norway Maple,91479.031,10/20/1994,2142
Bellflower,59507.965,09/30/2007,2222
Silver Pussytoes,50796.563,08/13/1997,2055
Fir Clubmoss,41064.345,02/06/19,2180
Shortlobe Phacelia,12657.312,02/01/19,2107
Polynesian Heliotrope,6317.973,05/26/1995,2200
Addersmeat,53725.378,08/13/2002,2177
Devil's Horsewhip,28239.832,07/09/07,2076
Shortspur Seablush,76870.9,02/19/1995,2047
Shining Milkwort,92825.222,04/18/1995,2153
Texas Sunflower,36844.786,08/03/95,2037
Washington Fan Palm,65174.876,08/02/06,2116
Missouri River Willow,90027.863,06/26/1995,2199
Bartramia Moss,52532.627,09/04/99,2155
American Dwarf Mistletoe,3394.778,02/07/04,2081
Maravillas Milkwort,96445.679,10/25/2015,2191
Texan Fumewort,85942.754,06/14/1998,2077
Medick,74192.156,09/14/2008,2193
Parasitic Maiden Fern,65089.037,07/13/1994,2226
Canada Mayflower,17908.293,11/11/04,2215
Flatbud Pricklypoppy,21975.446,06/04/14,2081
Rushleaf Jonquil,12052.849,07/08/15,2173
Trumpet Evening Primrose,21374.203,09/21/2016,2091
Hybrid Violet,48030.062,12/11/01,2104
Mountain Lichen,94919.252,09/18/1994,2031
Oahu Flatsedge,45922.305,01/12/05,2087
Rincon Manzanita,37128.971,08/24/1998,2022
Magnusson's Sarcogyne Lichen,17718.377,04/09/04,2087
Double Twinpod,24177.207,05/09/02,2187
Desertmountain Manihot,64267.028,03/12/18,2016
Rock Elm,31531.05,01/09/13,2237
Whitestem Frasera,58294.618,11/14/1996,2191
Buxbaumia Moss,43231.484,05/05/95,2209
Sedge,93541.632,11/23/2016,2021
Low Spurge,60820.423,05/10/17,2088
Siberian Candle Snuffer Moss,15094.564,06/28/2018,2159
Emmons' Sedge,94749.464,03/22/1998,2167
Muster John Henry,27477.387,06/09/97,2142
Texas Flatsedge,86005.981,02/22/2001,2020
Smooth Sumac,87820.251,10/14/2010,2119
Hart's Tonguefern,95838.678,03/27/2016,2245
Caracas Rattlebox,44049.376,11/04/04,2236
Makino Bamboo,66910.834,11/25/1996,2031
Polynesian 'ohe,15103.214,05/22/2007,2162
Guama Venezolano,66825.53,02/08/98,2068
Dotted Lichen,86241.575,07/18/2013,2048
Wallowa Onion,19042.497,01/27/2001,2157
Twocolor Horsehair Lichen,57391.296,06/24/1998,2118
Aulu,34877.474,08/04/15,2193
Sierra Woolly Indian Paintbrush,67371.362,04/04/07,2115
Cithara Buckwheat,60091.572,08/02/99,2086
Polar Milkvetch,20432.492,12/22/2018,2129
Western Teaberry,48136.383,06/06/13,2122
Engelmann Spruce,24077.217,11/24/2003,2074
Purple Fringeless Orchid,18307.231,05/07/10,2209
Prairie Pinweed,90924.047,08/31/2009,2243
Bigfruit Evening Primrose,28362.443,02/01/97,2208
Scleropodium Moss,63979.389,08/02/06,2207
Texas Sacahuista,71384.867,06/04/98,2017
Tall Annual Willowherb,90666.031,04/07/99,2141
Fineleaf Hymenopappus,42791.654,04/21/2002,2004
Coastal Plain Willow,68553.603,10/28/2012,2022
Orange Lichen,14934.537,04/07/17,2080
Lahontan Milkvetch,92200.067,01/08/19,2121
Dot Lichen,69314.637,07/10/98,2226
Plum Pine,36433.272,08/13/1997,2095
Pride Of California,77128.73,06/06/08,2186
Cutleaf Vipergrass,49944.756,04/19/2000,2109
Parish's Fleabane,77257.564,08/24/1994,2125
Golden Gladecress,57457.446,08/12/13,2167
Southwest Fescue,1162.062,06/01/97,2026
Benitoa,40636.586,07/31/2009,2071
Annual Mercury,35018.959,07/08/05,2223
Low Beardtongue,29095.14,08/05/04,2057
Brewer's Bittercress,77442.886,12/17/2009,2204
Globe Beaksedge,13260.252,05/11/04,2149
Desert Mountain Mock Orange,86195.086,07/03/12,2133
Blumea,16800,09/20/2000,2219
Glory-pea,62259.738,11/25/1997,2018
Hooded Arrowhead,6317.557,09/20/2000,2230
Florida Keys Indian Mallow,19036.32,10/11/17,2093
Wand Blazing Star,66509.896,04/18/2015,2079
Rugose Rim Lichen,78508.756,04/15/1995,2201
Lesser Indian Paintbrush,47583.04,06/03/01,2151
Desert Peach,6934.865,04/30/2016,2044
Columbian Stitchwort,14219.014,05/15/1999,2188
Graceful Pouzolzsbush,74145.99,01/19/2004,2150
Bryum Moss,70601.221,01/15/2001,2122
Woman's Tobacco,9490.952,11/03/09,2198
Hoskett Meadows Lupine,64381.929,02/09/97,2020
Giant Sequoia,24996.211,10/12/01,2024
Ohio Buckeye,28259.96,11/11/05,2075
Serpentine Erigeron,23728.272,05/24/2006,2122
Arctoparmelia Lichen,85892.741,11/02/17,2184
Water Smartweed,21501.387,08/07/13,2028
Giant Red Indian Paintbrush,94670.947,03/21/2008,2117
Turpinia,99751.566,06/13/2006,2194
Crested Philippine Violet,55379.287,08/05/94,2006
Bamboo Muhly,19484.864,01/05/19,2116
Umbrella Bulrush,85129.261,01/17/1998,2079
Smallflower Starviolet,86656.211,10/10/15,2213
Upland Larkspur,76687.499,08/30/1997,2090
Bristly Nootka Rose,53617.669,04/09/16,2071
Fringed Grass Of Parnassus,14761.851,01/22/2011,2079
Spiny Hedgehog Cactus,16637.043,05/25/2000,2182
Veiny Skullcap,33913.1,11/12/14,2116
Selfheal,65035.612,06/16/2002,2236
Low Serviceberry,70379.862,09/05/06,2180
Grainfield Spurge,99198.757,10/18/2017,2024
Porsild's False Candytuft,39016.758,02/08/12,2241
Coyote Mint,77305.428,12/21/2010,2161
Woolly Ragwort,23973.246,02/13/2013,2160
Whitemargin Oxytheca,33924.513,04/03/99,2041
Kauna'oa,41885.44,10/19/1999,2104
Oregon Western Rosinweed,13310.476,06/14/1997,2025
Woody Rockcress,11814.586,07/19/2008,2225
Black Mangrove,20560.258,12/05/04,2037
Cloakfern,92982.581,05/29/2011,2108
Mountain Camellia,65236.22,10/10/04,2040
Guadeloupe Peperomia,14291.622,10/23/2017,2158
Goldback Fern,46500.985,10/05/11,2074
Sierra Saxifrage,23797.929,03/08/97,2000
Funtumia,49030.722,06/09/02,2242
Desertpeony,65991.772,03/23/2005,2177
Bent-foot Speedwell,40517,06/24/2016,2194
Columbian Stitchwort,12840.089,01/31/1995,2050
Starry Bedstraw,3493.013,11/04/13,2004
Mock Vervain,40016.228,08/17/2006,2113
Arizona Needle Grama,35088.935,12/07/06,2106
Alpine Pennycress,32316.88,07/31/2005,2082
Erectleaf Panicgrass,53910.123,10/06/04,2084
Leafless Bentspur Orchid,91591.747,09/23/1995,2028
Common Medicineplant,77513.763,02/13/2009,2128
Andrews' Pohlia Moss,91159.599,05/19/2013,2148
Seeman's Sunbonnets,72301.794,03/10/04,2184
Pitcherplant,95569.029,09/03/99,2167
Sakhalin Corktree,13758.153,08/31/2004,2250
Navajo Evening Primrose,79874.015,02/20/2014,2057
Disc Lichen,38268.03,08/30/2017,2071
Desert Lily,27480.206,09/26/2011,2221
Forest Starviolet,94366.923,03/23/2008,2107
Redflower Gum,93857.371,01/08/00,2249
Hedlund's Dot Lichen,9610.915,04/22/2011,2144
Sand Pygmyweed,91660.939,04/20/2013,2012
Heinemann's Andreaea Moss,62745.695,07/05/06,2099
Parthenice,82299.623,12/29/2004,2179
Oblongleaf False Pennyroyal,70748.443,04/09/17,2224
Wand Blazing Star,55026.162,02/07/12,2200
Sacajawea Bitter Root,90092.944,04/16/2007,2218
Alpine Sawsepal Penstemon,69361.291,09/03/15,2060
Heartleaf Goldeneye,44403.58,11/08/98,2165
Raup's Willow,89753.7,08/02/00,2215
Northern Tansymustard,57079.327,07/14/2008,2139
Chapman's Bluegrass,49052.284,02/20/2011,2187
Pineland Silkgrass,83915.216,09/10/15,2120
Wild Hollyhock,26504.317,06/04/17,2216
Drysand Pinweed,47654.895,07/12/03,2039
Desert Almond,94088.223,06/10/04,2199
Japanese Panicgrass,49889.244,12/27/2006,2121
Pyramid Moss,12372.421,01/19/2016,2100
Jamaican Fanpetals,4859.949,07/09/18,2020
Coriander,62177.56,01/22/2003,2001
Roughfruit Amaranth,81482.977,04/21/1995,2233
Nodding Thelypody,78421.799,10/27/2007,2246
Coco Yam,70175.712,12/05/95,2028
Wavyleaf Twinevine,42243.477,01/04/02,2245
King's Dalea,71589.396,03/19/2014,2221
Esteve's Pincushion,56625.111,07/26/2017,2027
Cochleanthes,51231.887,10/30/1999,2078
Wright's Dwarfdandelion,68130.799,06/18/2007,2093
Leptohymenium Moss,21111.344,11/14/2017,2013
Puerto Rico Swallow-wort,4612.432,09/09/01,2139
Navajo Mountain Beardtongue,21204.622,01/20/2018,2054
Puerto Rico Manjack,71404.955,02/25/2005,2046
Fir Clubmoss,53105.231,06/30/2015,2009
Maui Chaff Flower,64532.361,04/15/2013,2132
Cudweed,78704.516,02/19/2002,2200
Lacy Tansyaster,30224.566,03/24/2015,2020
Amazon Waterlily,5986.136,08/13/2018,2157
Orthotrichum Moss,26074.135,01/09/02,2073
Limbella Moss,27075.058,11/06/95,2006
Feltleaf Willow,87439.44,08/17/2010,2166
Cracked Lichen,26751.764,04/15/1997,2103
Smooth Blue Aster,4304.153,07/25/2002,2061
Rydberg's Horkelia,24462.895,08/07/96,2021
Tortula Moss,69757.077,02/19/1998,2180
Bauhinia,28479.641,09/22/2014,2144
Flaccid Fontinalis Moss,53598.823,01/14/2019,2134
Meadow Brome,14615.846,10/29/1994,2038
Copey Vera,2042.812,09/22/2011,2048
Weigel's Bryum Moss,4694.908,01/25/2004,2025
Keyflower,3296.164,01/22/2005,2073
Texas Sensitive Pea,90563.067,05/08/94,2230
Pseudoleskeella Moss,25433.509,07/25/2010,2027
Walker's Suncup,68553.475,05/23/2002,2020
Neofuscelia Lichen,71850.818,10/03/00,2221
Rayless Goldenhead,9597.729,07/26/2007,2119
Warty Bedstraw,80598.063,12/02/06,2119
Isolated Blazingstar,20935.467,07/17/1998,2222
Macdonald Oak,72809.186,05/25/2005,2199
Zahlbrucknerella Lichen,44452.882,03/31/2007,2011
Texas Burstwort,49113.697,12/30/2010,2240
California Tickseed,13038.222,01/31/1998,2005
Thicket Sedge,89466.188,01/11/11,2229
Hookeria Moss,40281.204,05/08/99,2234
Ross' Sedge,34267.465,10/08/01,2242
Graceful Mimosa,34574.501,02/10/15,2006
Bracted Bedstraw,57579.864,11/19/1997,2069
Crested Floatingheart,64372.537,02/12/07,2229
Turkish Hazelnut,2080.638,12/29/1998,2049
Clasping Venus' Looking-glass,87085.703,07/08/18,2102
California Live Oak,14762.967,08/16/1995,2230
Oregon False Goldenaster,19952.426,12/31/2013,2185
Silky Lupine,80864.075,06/18/2011,2133
Bigelow's Amaranth,7138.588,07/16/1997,2064
Bristly Buttercup,43712.044,06/30/2016,2201
Ripley's Milkvetch,3661.196,03/02/96,2135
Tortula Moss,66990.003,09/06/11,2243
Fendler's Bedstraw,94017.891,12/21/1996,2225
Vahl's Alkaligrass,42481.439,08/10/98,2194
Spreading Fanpetals,57584.288,02/23/2003,2153
White Cudweed,29191.893,12/03/02,2065
Quaking Aspen,61800.874,10/31/2004,2000
Bryan's Flatsedge,75390.239,02/27/2018,2189
Alfalfa,21087.788,08/20/2015,2145
Chisos Oak,81237.534,12/29/2008,2214
Bristly Linanthus,23591.507,11/25/2014,2197
Lott's Gilia,6587.164,10/03/16,2093
Puerto Rico Magnolia,40909.02,04/28/2009,2016
Pylais' Orthotrichum Moss,83316.434,03/05/07,2024
Glory-of-the-snow,41512.435,03/16/2002,2141
Arctic Sweetgrass,1364.304,12/22/2001,2042
Sandstede's Wart Lichen,83619.91,01/08/17,2034
Kisses,46579.726,02/26/2003,2046
Thelidium Lichen,54080.662,08/24/2006,2123
Northern Maidenhair,14646.939,06/17/1997,2153
Yellow Crabgrass,78152.788,05/17/2006,2058
Elaeocarpus,75237.267,10/06/07,2128
Ribbon Fern,9151.165,04/06/03,2013
Fuzzystem Phyllostegia,69785.218,09/14/2003,2045
Dwarf Senna,63909.174,09/05/00,2149
Tucson Bur Ragweed,59211.297,03/20/2002,2090
Svenson's Wildrye,3984.415,02/03/95,2040
Coulter's Spiderling,79511.885,09/20/2013,2057
Rainbow Iris,64832.812,11/09/15,2064
Preuss' Milkvetch,74815.965,08/07/11,2201
False Pawpaw,77967.645,04/03/95,2135
California Helianthella,19240.461,10/29/2009,2170
Rusby's Blazingstar,91863.057,06/29/1997,2084
Tulip Pricklypear,54178.322,10/16/2000,2172
Silver Creek Blackberry,27696.474,08/29/2006,2061
Martinique Tonguefern,44180.949,06/18/2010,2000
Broad Beechfern,20462.74,10/30/2001,2179
Sawgrass,10894.711,12/29/2014,2004
Halfmoon Milkvetch,21367.95,09/23/2007,2153
Navajo Yucca,66187.107,04/23/2002,2088
Giant Horsetail,46220.624,08/28/2003,2211
Olokele Valley Melicope,8938.747,06/05/12,2191
Purple Scalystem,63255.904,11/27/1996,2181
Great Basin Brome,51450.947,04/19/2011,2168
Stinkbells,31634.873,03/12/06,2195
Beavertail Grass,68995.201,10/02/06,2068
Crabgrass,45723.274,07/23/2013,2122
Bog Labordia,36445.354,07/12/09,2170
Touret's Scleropodium Moss,76473.341,11/17/2000,2056
Chinese Thorn-apple,23097.764,01/28/2000,2119
Matted Sandmat,83074.984,02/01/00,2161
Alpine Sandmat,21942.075,12/02/12,2028
Southern Sandbur,73536.701,03/30/2014,2177
Pursh's Wild Petunia,48350.494,10/04/10,2072
Sagebrush Mariposa Lily,68164.024,02/02/11,2090
Alkaliweed,53904.965,08/25/2011,2240
Rhizomnium Moss,87487.251,10/21/1996,2196
Wild Bergamot,50771.111,05/31/2011,2080
Lakela's Pinweed,12315.67,06/20/1997,2209
Redbird Flower,98967.235,07/09/15,2191
Colorado Desert Mistletoe,36176.146,07/13/2014,2109
California Bottlebrush Grass,27539.433,02/19/2002,2081
Posidonia,18695.751,01/12/18,2194
Aster,75515.531,12/25/2015,2126
Cuero De Sapo,30832.33,09/04/11,2088
Link's Blackberry,42618.426,11/30/2013,2063
Skeletongrass,56421.161,06/18/1998,2123
Gypsum Ringstem,3679.09,08/09/04,2092
Tropical Whitetop,10365.288,04/24/2006,2141
Leather Spineflower,16548.904,07/08/16,2036
Elegant Hawksbeard,84501.758,02/12/06,2173
Dryptodon Moss,81044.008,07/21/2014,2116
Lindheimer's Blazingstar,68142.609,01/17/2000,2165
Rimmed Lichen,19491.967,09/01/09,2150
Wart Lichen,36756.863,11/17/2007,2149
Bee Wattle,27335.462,08/29/2010,2113
Chinese Ephedra,24478.385,06/30/2005,2243
Longbract Wild Indigo,8042.942,06/02/10,2216
Sedge,42212.804,03/05/19,2129
Yellow Honeysuckle,97898.439,06/18/1995,2072
Canada Lily,86246.948,06/06/98,2032
Thurber's Diphysa,63476.881,02/18/2012,2139
Yellow Pimpernel,2566.284,10/07/17,2200
Blue Ridge Bittercress,27959.183,01/27/2002,2004
Mearns' Neonotonia,94094.91,09/17/2002,2056
Woolly Butterflybush,42888.377,06/17/2005,2037
Sea Aster,37310.661,07/29/2004,2227
Klamath Plum,55543.38,02/03/13,2206
Lanai Island-aster,97954.144,12/16/2004,2202
Red Ironbark,53651.031,06/19/2010,2019
Dactylospora Lichen,57925.898,09/21/2000,2229
Clustered Bushmint,25338.26,05/17/2000,2147
Douglas' Meadowfoam,3839.8,09/17/1999,2167
Tansy Spectaclepod,14954.999,11/10/11,2180
Hyperphyscia Lichen,66814.648,03/03/99,2176
Striped Prince's Pine,53509.136,09/19/1996,2041
Cankerweed,23981.678,06/04/97,2008
Florida Sunflower,80722.041,07/06/94,2226
Peregrine Thistle,20724.9,10/30/2007,2220
Rim Lichen,97805.994,05/07/03,2070
Ironweed,20858.541,05/12/96,2099
Pride-of-rochester,9410.34,10/31/2002,2071
Kral's Sedge,38147.757,04/18/2013,2181
Haussknecht's Clover,96804.736,09/14/1996,2059
Na Pali Sandmat,11273.753,07/12/95,2135
Furbish's Lousewort,13397.488,08/29/2013,2149
California Blackberry,87361.283,05/23/2012,2218
Texas Bindweed,60470.312,02/28/2009,2072
Perfoliate Baby's-breath,31319.296,09/25/1994,2108
Fernald's Northern Rockcress,88062.16,12/05/03,2154
Upland Highbush Blueberry,41498.7,12/07/99,2195
Deer Oak,69812.067,07/20/2000,2244
Palmleaf Thoroughwort,57459.942,03/06/13,2231
Browne's Savory,55279.601,01/13/1995,2032
Tejon Cryptantha,61474.505,04/28/2017,2087
Tobacco Root,11991.941,01/16/2004,2161
Dubautia,31346.947,05/14/1996,2160
Common Rush,50527.755,08/12/05,2184
Peruvian Paspalum,92625.84,01/27/2004,2146
Spider Milkweed,57604.236,10/26/2007,2140
Slenderleaf False Foxglove,14421.234,03/29/2001,2052
Flower Axistree,77952.415,05/21/1997,2094
Vasey's Rush,20387.594,09/28/2018,2022
Apple Mint,22538.858,09/30/2006,2194
Rhodes Grass,62567.827,01/27/2008,2047
Waterwheel Plant,72986.703,09/03/02,2011
Lily Of The Incas,14417.665,07/23/2002,2007
Tuberous Grasspink,66463.519,09/07/06,2137
Gilman's Evening Primrose,35744.196,05/27/2018,2155
Sugar Palm,28894.237,08/29/2012,2105
Resurrection Fern,17740.835,05/31/1998,2209
Sedge,35339.766,01/08/12,2092
White False Gilyflower,74792.774,07/13/2010,2005
Giant Airplant,36046.388,07/31/2014,2122
Granulose Orange Lichen,23017.826,05/19/2001,2135
Nitbearing Lipfern,65889.573,07/07/14,2059
Wiegand's Wildrye,20182.405,10/11/94,2157
Shiny-leaf Yellow Loosestrife,54887.052,09/19/2003,2177
Stenocybe Lichen,11478.626,09/11/11,2205
Chaparral Dodder,99391.13,06/14/2008,2225
Wildrye,56554.708,08/06/00,2126
Rim Lichen,58024.828,12/14/2008,2014
Chinese Taro,49014.568,04/29/1998,2108
Canyon Clarkia,63429.117,03/01/08,2096
Yellowcress,78706.415,09/09/11,2127
Bryobrittonia Moss,41934.053,07/03/95,2058
White Leadtree,56204.948,10/09/15,2220
Bruchia Moss,60640.676,02/14/2010,2058
Professor-weed,50020.965,10/23/2004,2115
Bailey's Ivesia,96090.859,12/01/04,2230
Bryoxiphium Moss,14518.388,05/27/2003,2197
Bursera,88292.872,12/27/2017,2237
Callicladium Moss,35604.115,07/28/1999,2203
Licania,98458.113,06/10/18,2220
Wullschlaegelia,97399.293,12/16/2016,2240
Beach Sensitive Pea,13805.682,01/20/2001,2201
Florida Alicia,82170.051,08/21/2011,2028
Solandra,75841.146,02/28/2019,2053
Cuthbert's Turtlehead,67749.622,03/04/97,2195
Tree Poppy,77696.264,08/31/2017,2191
Porpidia Lichen,52413.908,07/18/2010,2037
Tehachapi Ragwort,75030.47,03/21/2016,2069
Naupaka,29014.313,10/21/2017,2100
Palmer's Milkwort,72626.25,11/27/2011,2180
Agracejo Rastrero,40499.308,05/10/96,2233
Langlois' Violet,18861.673,03/04/13,2231
Walpole's Poppy,30811.873,12/24/2012,2175
Lone Pine Milkvetch,80631.832,11/03/06,2190
Barometerbush,1617.936,04/11/14,2059
Glechoma,80093.176,10/29/2011,2213
Poker Alumroot,47023.828,03/06/97,2102
Suckling Clover,73164.376,07/19/2014,2241
Harford's Ragwort,70966.974,11/08/95,2000
Flat-top Broomrape,58939.699,09/01/97,2172
Paperbush,46812.479,03/18/2013,2086
Clambering Polypody,21125.113,04/05/98,2133
Robies Cocksfoot,46152.489,02/15/2005,2160
Seaside Nehe,63813.376,10/25/2012,2101
Dwarf Four O'clock,7981.745,11/03/03,2197
Furniss's Phacelia,83604.285,11/28/1999,2118
Payson's Tansymustard,80240.491,09/24/1997,2136
Cottontop Cactus,47734.914,12/05/10,2197
Yellowroot,4090.419,01/09/05,2006
Polyblastia Lichen,66137.153,09/22/2000,2229
Ring Lichen,42445.448,09/12/96,2168
Parmelia Abrothallus Lichen,97271.821,09/10/13,2085
Pan American Balsamscale,28891.19,04/20/1995,2034
Hawkweed,92871.02,04/05/09,2103
Winter Hazel,31124.35,11/12/13,2192
Carolina Draba,96617.984,09/12/17,2188
Winged Buckwheat,57569.305,04/19/2002,2048
Lollipop-plant,65494.456,12/07/15,2029
Rimrock Milkvetch,56528.7,07/02/06,2017
Maiden Pink,80769.058,06/29/2010,2203
Annual Rush,78224.878,05/10/09,2116
Woodland Climbing Bamboo,71915.359,06/22/1999,2161
Hypnum Moss,83905.186,06/12/96,2061
Longlobe Four O'clock,91996.641,01/20/2013,2198
Smooth Azalea,55435.848,06/25/1994,2135
Orange Gooseberry,46348.217,11/04/15,2193
Arctic Sweet Coltsfoot,79082.238,03/25/2018,2138
Looseflower Alpine Sedge,37695.659,01/15/2008,2089
Crownscale,58532.219,03/09/13,2247
Valley Sedge,57375.951,12/15/1995,2057
Java Waterdropwort,62349.763,01/15/2001,2056
Foxglove Beardtongue,75276.169,03/06/05,2001
Dot Lichen,63219.649,02/14/1999,2120
Delissea,21314.786,11/10/17,2237
White Arrow Arum,52833.488,11/25/2005,2196
Orthotrichum Moss,36943.19,02/19/2012,2240
Ashen Milkvetch,18135.802,02/29/2016,2174
Bristlemallow,4205.195,12/09/18,2133
Cracked Lichen,51862.897,10/22/2014,2195
Pyrenopsis Lichen,16782.24,04/15/2003,2189
Silk Bay,91199.94,01/02/12,2122
Snow Lichen,7806.764,06/05/16,2207
Nakedstem Wallflower,69094.769,07/16/2011,2206
Yerba Parrera,17689.642,11/20/2011,2168
Shrubby-spurge,73452.176,01/24/2014,2076
California Fiddleleaf,10848.486,02/22/1998,2128
Roundleaf Goldenrod,73984.465,04/23/2006,2196
Common Bushweed,94217.839,07/11/94,2240
White Princesplume,65936.308,09/12/18,2027
Bluebead,68117.743,11/10/18,2206
Myelochroa Lichen,92089.53,03/20/2012,2214
American Water-willow,32303.2,01/16/2002,2241
Hybrid Violet,75117.134,04/04/97,2163
Colusagrass,62592.696,12/20/2012,2079
Desert-thorn,26438.719,05/18/2015,2085
Spiny Greasebush,66327.676,04/01/08,2068
Columbia Brome,32720.771,04/27/2003,2095
Woolly Butterflybush,13583.166,08/12/06,2106
Rigid Didymodon Moss,91365.46,12/13/2012,2169
Arburua Ranch Jewelflower,52310.99,05/30/2012,2015
Kauai Bluegrass,15432.962,02/26/2009,2165
Siberian Saltbush,80343.37,07/07/14,2149
Wampi,45159.234,02/23/2018,2192
Sneezeweed,28244.887,01/23/2002,2166
Arrow-leaf Thelypody,79974.992,03/15/2001,2207
Red Ribbons,42905.389,08/12/04,2114
Lakela's Pinweed,41671.397,05/25/2010,2142
Widow's-thrill,27510.284,04/24/2001,2131
Sheoak,54920.063,05/12/03,2120
California Scleropodium Moss,1869.133,11/08/07,2137
Beardlip Penstemon,56298.368,10/24/2004,2164
Wilson's Strigula Lichen,38058.825,03/09/97,2221
Bluegrass,2857.775,05/26/1997,2140
Diplotomma Lichen,8350.303,08/28/2002,2040
Quinine,3435.197,12/18/2018,2108
False Snowparsley,45946.844,09/26/1995,2019
White Wand Beardtongue,70020.463,06/01/95,2116
Heartleaf Hempvine,49097.541,03/21/1998,2202
Suisun Thistle,22396.872,02/05/10,2030
Polycarpaea,17335.469,11/14/1995,2230
Zigzag Silkgrass,22504.025,04/19/2000,2112
Lemmon's Fleabane,52677.217,06/13/2011,2139
Longleaf Brickellbush,75522.473,01/20/1995,2035
Subterranean Indian Breadroot,28587.131,01/31/2018,2201
Coscinodon Moss,34847.988,07/23/2000,2236
Mountain Johnnyberry,55903.135,08/28/1995,2228
Hybrid Violet,30165.73,11/13/2012,2146
Garlic Mustard,71832.4,09/07/05,2159
Corndaisy,94252.085,02/18/2013,2209
Island Brittleleaf,57190.958,02/22/2018,2185
Batwing Fern,35930.475,08/11/15,2101
Bulblet Bladderfern,54856.221,08/14/2012,2035
Carbonea Lichen,17891.095,02/21/2003,2071
Ticktrefoil,71910.541,12/10/15,2221
Boreal Bog Sedge,16042.016,07/06/05,2046
Sphenoclea,59035.895,03/22/1995,2034
Calliergonella Moss,66228.02,12/20/2007,2160
Tehama Pincushionplant,37528.878,05/13/2012,2020
Caro De Tres Hojas,32764.781,05/09/01,2110
Grayleaf Willow,34168.041,12/02/96,2175
Largebract Ticktrefoil,37840.997,11/10/11,2074
Julella Lichen,20706.428,10/29/1996,2247
Wright's Spikemoss,74406.679,07/14/2002,2243
Lemon Thyme,75941.483,05/22/2013,2188
Bouquet Mudplantain,86206.409,04/13/2014,2190
Red Ribbons,12304.1,11/28/2005,2063
Catalpa,75292.327,02/28/2005,2040
Siberian Candle Snuffer Moss,72542.235,06/07/99,2066
Wormseed,77450.586,01/15/2002,2051
Parathesis,54280.478,09/20/2017,2091
Sagebrush Combseed,19390.902,01/06/99,2033
Ditrichum Moss,99477.338,09/02/03,2192
Chihuahuan Pine,92069.001,12/31/2018,2152
Sierra False Bindweed,38829.72,03/31/1996,2120
Ontario Hawthorn,89014.912,12/06/05,2019
Sonoran Dodder,19431.575,01/24/2006,2100
Smallflower Fumewort,45443.507,11/11/96,2091
Roughhair Rosette Grass,13360.893,09/15/1995,2017
Littleleaf Horsebrush,38681.519,09/20/1995,2195
Vine Jointfir,93195.212,07/04/13,2155
San Diego Bird's-foot Trefoil,44975.015,06/27/2012,2006
Persian Wheat,31466.111,01/07/18,2043
Lesser Rushy Milkvetch,90645.559,04/11/06,2044
Cockshead Sainfoin,32118.494,05/18/2001,2159
Purplemat,16837.288,11/09/14,2156
Tissueleaf Hawthorn,99407.168,11/23/1997,2067
Queen Coralbead,25066.809,12/31/2009,2152
Bryum Moss,87062.014,01/31/1997,2108
Squashberry,8488.978,08/05/14,2173
Achotillo,26948.729,07/13/1997,2231
Willey's Seaweed Lichen,23941.521,11/18/2011,2092
Mountain Guava,80727.908,11/06/99,2194
Barnacle Lichen,41543.316,03/17/1998,2123
Halberd Fern,57185.041,11/17/2008,2122
Girard's Thyrea Lichen,25958.514,11/18/2004,2215
Cyrtandra,18324.155,02/22/2003,2013
Spring Fumewort,37247.67,11/24/2006,2078
Wand Buckwheat,3966.08,09/04/10,2103
Dense Silkybent,83030.009,06/19/2010,2043
Goosegrass,73126.045,05/08/18,2165
Remy's Sandmat,42017.077,06/27/2017,2207
Morning Glory,59351.089,02/12/96,2015
Black Huckleberry,22438.935,02/28/2016,2048
Flatleaf Hollyfern,89333.612,12/29/1997,2157
Caucasian Bluestem,85777.596,05/04/99,2034
Lava Clermontia,74033.158,08/22/2017,2190
Yam,99957.051,01/03/02,2002
Pyrenopsis Lichen,13715.014,11/22/2009,2214
Pineland Heliotrope,10908.765,05/03/03,2117
Texas Mimosa,13988.143,06/05/99,2009
Earleaf False Foxglove,53376.084,09/29/1997,2198
Cup Lichen,42997.848,08/20/2017,2143
Spotted Wakerobin,28959.021,04/03/17,2082
Kangaroo Grass,71820.124,08/02/02,2188
Starch Grape Hyacinth,44660.267,08/14/2015,2179
Silverleaf Phacelia,1709.948,09/22/1995,2173
White False Hellebore,55037.341,08/03/03,2057
Hairy Wild Coffee,59133.4,01/06/05,2095
Hairy Rockrose,59171.461,05/16/2007,2055
Puahekili,48496.517,09/02/06,2119
Triticale,44709.274,03/06/04,2025
Alpine Bedstraw,60423.531,03/09/19,2051
Urospermum,91691.723,09/03/14,2178
Red Rock Poppy,1059.089,04/11/17,2084
Plantainleaf Sedge,34183.516,07/09/01,2149
Viscid Acacia,96814.873,03/14/2012,2133
Savannah False Pimpernel,88157.093,12/04/94,2091
Texas Snowbell,52561.109,12/03/07,2071
Sharp's Club Lichen,6090.559,06/13/1994,2174
Campylium Moss,99555.958,12/07/09,2041
Wahiawa Bog Colicwood,50180.298,11/27/2010,2066
European Searocket,69067.787,03/05/98,2240
Valley Redstem,32423.253,10/16/2013,2015
Combleaf Cinquefoil,4980.746,01/19/2018,2183
Henderson's Bentgrass,22845.18,04/05/99,2210
Moss Pygmyweed,99382.667,06/14/2012,2072
Berg's Hedgenettle,25186.133,08/04/11,2109
Queen Of The Forest,1068.474,11/06/08,2029
Bushy Knotweed,98174.377,06/11/01,2057
Rhodora,20247.976,12/12/09,2175
Pink Sundew,16887.801,10/16/1997,2067
Herb Bennet,70872.423,02/27/1995,2079
Nuttall's Oxytrope,13792.121,08/24/2017,2241
Butte County Checkerbloom,51294.851,10/18/2007,2115
European Mistletoe,73000.146,12/19/2014,2213
Colchicum,84351.079,07/31/1998,2127
Sturt's Cassia,15930.577,03/17/1997,2216
Black River Beardtongue,61385.015,03/07/00,2152
Limestone Hedgehyssop,29436.158,03/24/2002,2230